,Year,Entidad,Tipo.de.delito,Enerosum,Eneromean,Febrerosum,Febreromean,Marzosum,Marzomean,Abrilsum,Abrilmean,Mayosum,Mayomean,Juniosum,Juniomean,Juliosum,Juliomean,Agostosum,Agostomean,Septiembresum,Septiembremean,Octubresum,Octubremean,Noviembresum,Noviembremean,Diciembresum,Diciembremean
1,2015,Aguascalientes,Violencia familiar,29,2.636363636,41,3.727272727,26,2.363636364,41,3.727272727,35,3.181818182,38,3.454545455,37,3.363636364,43,3.909090909,50,4.545454545,58,5.272727273,43,3.909090909,40,3.636363636
2,2015,Baja California,Violencia familiar,579,115.8,628,125.6,806,161.2,734,146.8,693,138.6,834,166.8,818,163.6,840,168,882,176.4,804,160.8,674,134.8,600,120
3,2015,Baja California Sur,Violencia familiar,123,24.6,119,23.8,170,34,142,28.4,116,23.2,143,28.6,142,28.4,124,24.8,162,32.4,141,28.2,166,33.2,143,28.6
4,2015,Campeche,Violencia familiar,1,0.090909091,0,0,3,0.272727273,1,0.090909091,3,0.272727273,5,0.454545455,1,0.090909091,1,0.090909091,0,0,2,0.181818182,0,0,1,0.090909091
5,2015,Chiapas,Violencia familiar,60,0.508474576,76,0.644067797,81,0.686440678,86,0.728813559,87,0.737288136,90,0.762711864,84,0.711864407,102,0.86440678,181,1.533898305,157,1.330508475,130,1.101694915,117,0.991525424
6,2015,Chihuahua,Violencia familiar,723,10.79104478,820,12.23880597,921,13.74626866,929,13.86567164,1134,16.92537313,1217,18.1641791,1210,18.05970149,1308,19.52238806,1190,17.76119403,1077,16.07462687,915,13.65671642,829,12.37313433
7,2015,Ciudad de México,Violencia familiar,894,52.58823529,1011,59.47058824,1229,72.29411765,1266,74.47058824,1357,79.82352941,1441,84.76470588,1543,90.76470588,1490,87.64705882,1497,88.05882353,1537,90.41176471,1457,85.70588235,1381,81.23529412
8,2015,Coahuila de Zaragoza,Violencia familiar,147,3.868421053,141,3.710526316,136,3.578947368,202,5.315789474,171,4.5,225,5.921052632,229,6.026315789,201,5.289473684,213,5.605263158,201,5.289473684,122,3.210526316,166,4.368421053
9,2015,Colima,Violencia familiar,30,3,34,3.4,41,4.1,63,6.3,54,5.4,71,7.1,40,4,57,5.7,40,4,44,4.4,45,4.5,30,3
10,2015,Durango,Violencia familiar,151,3.871794872,155,3.974358974,196,5.025641026,243,6.230769231,372,9.538461538,404,10.35897436,387,9.923076923,427,10.94871795,348,8.923076923,384,9.846153846,360,9.230769231,94,2.41025641
11,2015,Guanajuato,Violencia familiar,612,13.30434783,638,13.86956522,747,16.23913043,864,18.7826087,916,19.91304348,929,20.19565217,936,20.34782609,926,20.13043478,994,21.60869565,921,20.02173913,922,20.04347826,893,19.41304348
12,2015,Guerrero,Violencia familiar,221,2.728395062,192,2.37037037,211,2.604938272,208,2.567901235,184,2.271604938,151,1.864197531,145,1.790123457,160,1.975308642,99,1.222222222,150,1.851851852,167,2.061728395,134,1.654320988
13,2015,Hidalgo,Violencia familiar,100,1.19047619,155,1.845238095,117,1.392857143,174,2.071428571,246,2.928571429,143,1.702380952,180,2.142857143,281,3.345238095,237,2.821428571,237,2.821428571,277,3.297619048,147,1.75
14,2015,Jalisco,Violencia familiar,345,2.738095238,362,2.873015873,449,3.563492063,431,3.420634921,462,3.666666667,585,4.642857143,595,4.722222222,574,4.555555556,921,7.30952381,1361,10.8015873,1297,10.29365079,1161,9.214285714
15,2015,México,Violencia familiar,325,2.6,281,2.248,341,2.728,360,2.88,325,2.6,453,3.624,460,3.68,467,3.736,475,3.8,434,3.472,417,3.336,384,3.072
16,2015,Michoacán de Ocampo,Violencia familiar,89,0.787610619,104,0.920353982,74,0.654867257,113,1,97,0.85840708,81,0.716814159,59,0.522123894,80,0.707964602,41,0.362831858,66,0.584070796,57,0.504424779,60,0.530973451
17,2015,Morelos,Violencia familiar,268,8.121212121,341,10.33333333,355,10.75757576,366,11.09090909,336,10.18181818,360,10.90909091,324,9.818181818,374,11.33333333,316,9.575757576,384,11.63636364,315,9.545454545,295,8.939393939
18,2015,Nayarit,Violencia familiar,20,1,24,1.2,42,2.1,28,1.4,37,1.85,26,1.3,15,0.75,25,1.25,39,1.95,18,0.9,15,0.75,9,0.45
19,2015,Nuevo León,Violencia familiar,1045,20.49019608,1102,21.60784314,1286,25.21568627,1432,28.07843137,1532,30.03921569,1671,32.76470588,1630,31.96078431,1669,32.7254902,1690,33.1372549,1435,28.1372549,1325,25.98039216,1245,24.41176471
20,2015,Oaxaca,Violencia familiar,0,0,88,2.444444444,0,0,0,0,97,2.694444444,0,0,0,0,194,5.388888889,0,0,0,0,239,6.638888889,0,0
21,2015,Puebla,Violencia familiar,336,1.548387097,370,1.705069124,387,1.783410138,442,2.036866359,462,2.129032258,421,1.940092166,485,2.235023041,451,2.078341014,393,1.811059908,468,2.156682028,440,2.02764977,369,1.700460829
22,2015,Querétaro,Violencia familiar,49,2.578947368,67,3.526315789,81,4.263157895,74,3.894736842,86,4.526315789,76,4,73,3.842105263,82,4.315789474,86,4.526315789,106,5.578947368,83,4.368421053,79,4.157894737
23,2015,Quintana Roo,Violencia familiar,198,18,174,15.81818182,218,19.81818182,287,26.09090909,280,25.45454545,270,24.54545455,297,27,280,25.45454545,276,25.09090909,271,24.63636364,283,25.72727273,224,20.36363636
24,2015,San Luis Potosí,Violencia familiar,210,3.620689655,248,4.275862069,314,5.413793103,252,4.344827586,278,4.793103448,242,4.172413793,225,3.879310345,224,3.862068966,214,3.689655172,206,3.551724138,251,4.327586207,260,4.482758621
25,2015,Sinaloa,Violencia familiar,162,9,192,10.66666667,195,10.83333333,207,11.5,218,12.11111111,243,13.5,195,10.83333333,206,11.44444444,247,13.72222222,217,12.05555556,189,10.5,116,6.444444444
26,2015,Sonora,Violencia familiar,114,1.540540541,178,2.405405405,204,2.756756757,196,2.648648649,198,2.675675676,242,3.27027027,192,2.594594595,158,2.135135135,189,2.554054054,236,3.189189189,169,2.283783784,155,2.094594595
27,2015,Tabasco,Violencia familiar,283,16.64705882,307,18.05882353,384,22.58823529,395,23.23529412,416,24.47058824,211,12.41176471,346,20.35294118,358,21.05882353,376,22.11764706,381,22.41176471,403,23.70588235,370,21.76470588
28,2015,Tamaulipas,Violencia familiar,126,2.930232558,38,0.88372093,196,4.558139535,197,4.581395349,241,5.604651163,273,6.348837209,212,4.930232558,235,5.465116279,164,3.813953488,205,4.76744186,216,5.023255814,291,6.76744186
29,2015,Tlaxcala,Violencia familiar,8,0.133333333,12,0.2,0,0,0,0,0,0,0,0,0,0,1,0.016666667,1,0.016666667,1,0.016666667,0,0,1,0.016666667
30,2015,Veracruz de Ignacio de la Llave,Violencia familiar,236,1.102803738,206,0.962616822,213,0.995327103,461,2.154205607,438,2.046728972,307,1.434579439,148,0.691588785,342,1.598130841,297,1.387850467,380,1.775700935,305,1.425233645,239,1.11682243
31,2015,Yucatán,Violencia familiar,201,1.896226415,58,0.547169811,230,2.169811321,188,1.773584906,206,1.943396226,201,1.896226415,222,2.094339623,175,1.650943396,164,1.547169811,175,1.650943396,167,1.575471698,171,1.613207547
32,2015,Zacatecas,Violencia familiar,36,0.620689655,61,1.051724138,52,0.896551724,70,1.206896552,71,1.224137931,78,1.344827586,49,0.844827586,52,0.896551724,91,1.568965517,61,1.051724138,72,1.24137931,42,0.724137931
33,2016,Aguascalientes,Violencia familiar,50,4.545454545,41,3.727272727,50,4.545454545,52,4.727272727,62,5.636363636,47,4.272727273,52,4.727272727,56,5.090909091,59,5.363636364,70,6.363636364,63,5.727272727,43,3.909090909
34,2016,Baja California,Violencia familiar,556,111.2,661,132.2,695,139,776,155.2,795,159,781,156.2,799,159.8,809,161.8,681,136.2,712,142.4,564,112.8,486,97.2
35,2016,Baja California Sur,Violencia familiar,128,25.6,171,34.2,151,30.2,182,36.4,192,38.4,191,38.2,191,38.2,170,34,174,34.8,224,44.8,172,34.4,153,30.6
36,2016,Campeche,Violencia familiar,1,0.090909091,2,0.181818182,4,0.363636364,3,0.272727273,3,0.272727273,5,0.454545455,7,0.636363636,6,0.545454545,1,0.090909091,4,0.363636364,5,0.454545455,2,0.181818182
37,2016,Chiapas,Violencia familiar,113,0.957627119,132,1.118644068,151,1.279661017,164,1.389830508,177,1.5,192,1.627118644,179,1.516949153,181,1.533898305,169,1.43220339,184,1.559322034,186,1.576271186,136,1.152542373
38,2016,Chihuahua,Violencia familiar,904,13.49253731,927,13.8358209,1112,16.59701493,1112,16.59701493,1305,19.47761194,1167,17.41791045,1201,17.92537313,1011,15.08955224,916,13.67164179,868,12.95522388,732,10.92537313,705,10.52238806
39,2016,Ciudad de México,Violencia familiar,1266,74.47058824,1529,89.94117647,1524,89.64705882,1722,101.2941176,1831,107.7058824,1772,104.2352941,1430,84.11764706,1593,93.70588235,1516,89.17647059,1530,90,1332,78.35294118,1381,81.23529412
40,2016,Coahuila de Zaragoza,Violencia familiar,189,4.973684211,509,13.39473684,531,13.97368421,525,13.81578947,627,16.5,834,21.94736842,600,15.78947368,571,15.02631579,847,22.28947368,543,14.28947368,481,12.65789474,628,16.52631579
41,2016,Colima,Violencia familiar,29,2.9,30,3,39,3.9,0,0,0,0,0,0,17,1.7,16,1.6,18,1.8,15,1.5,21,2.1,18,1.8
42,2016,Durango,Violencia familiar,336,8.615384615,368,9.435897436,421,10.79487179,525,13.46153846,476,12.20512821,528,13.53846154,450,11.53846154,475,12.17948718,461,11.82051282,394,10.1025641,452,11.58974359,386,9.897435897
43,2016,Guanajuato,Violencia familiar,806,17.52173913,939,20.41304348,928,20.17391304,1234,26.82608696,1418,30.82608696,1055,22.93478261,747,16.23913043,831,18.06521739,798,17.34782609,841,18.2826087,675,14.67391304,861,18.7173913
44,2016,Guerrero,Violencia familiar,150,1.851851852,150,1.851851852,172,2.12345679,164,2.024691358,176,2.172839506,178,2.197530864,170,2.098765432,207,2.555555556,230,2.839506173,200,2.469135802,177,2.185185185,209,2.580246914
45,2016,Hidalgo,Violencia familiar,291,3.464285714,234,2.785714286,226,2.69047619,47,0.55952381,295,3.511904762,314,3.738095238,171,2.035714286,263,3.130952381,413,4.916666667,188,2.238095238,304,3.619047619,332,3.952380952
46,2016,Jalisco,Violencia familiar,948,7.523809524,935,7.420634921,1016,8.063492063,1312,10.41269841,1387,11.00793651,936,7.428571429,745,5.912698413,900,7.142857143,801,6.357142857,602,4.777777778,828,6.571428571,1021,8.103174603
47,2016,México,Violencia familiar,321,2.568,468,3.744,443,3.544,537,4.296,626,5.008,444,3.552,443,3.544,437,3.496,490,3.92,437,3.496,397,3.176,431,3.448
48,2016,Michoacán de Ocampo,Violencia familiar,45,0.398230088,50,0.442477876,65,0.575221239,106,0.938053097,66,0.584070796,51,0.451327434,48,0.424778761,70,0.619469027,59,0.522123894,91,0.805309735,90,0.796460177,46,0.407079646
49,2016,Morelos,Violencia familiar,368,11.15151515,423,12.81818182,420,12.72727273,446,13.51515152,504,15.27272727,391,11.84848485,333,10.09090909,311,9.424242424,334,10.12121212,327,9.909090909,288,8.727272727,371,11.24242424
50,2016,Nayarit,Violencia familiar,19,0.95,36,1.8,28,1.4,44,2.2,48,2.4,57,2.85,23,1.15,41,2.05,47,2.35,50,2.5,39,1.95,44,2.2
51,2016,Nuevo León,Violencia familiar,1056,20.70588235,1363,26.7254902,1383,27.11764706,1521,29.82352941,1618,31.7254902,1889,37.03921569,1849,36.25490196,1592,31.21568627,1650,32.35294118,1450,28.43137255,1247,24.45098039,1155,22.64705882
52,2016,Oaxaca,Violencia familiar,202,5.611111111,215,5.972222222,268,7.444444444,348,9.666666667,360,10,321,8.916666667,333,9.25,330,9.166666667,340,9.444444444,0,0,326,9.055555556,310,8.611111111
53,2016,Puebla,Violencia familiar,368,1.695852535,415,1.912442396,494,2.276497696,605,2.788018433,651,3,469,2.161290323,390,1.797235023,407,1.875576037,459,2.115207373,500,2.304147465,464,2.138248848,364,1.677419355
54,2016,Querétaro,Violencia familiar,59,3.105263158,72,3.789473684,80,4.210526316,82,4.315789474,75,3.947368421,76,4,83,4.368421053,95,5,89,4.684210526,103,5.421052632,82,4.315789474,69,3.631578947
55,2016,Quintana Roo,Violencia familiar,140,12.72727273,113,10.27272727,113,10.27272727,100,9.090909091,96,8.727272727,113,10.27272727,108,9.818181818,81,7.363636364,102,9.272727273,161,14.63636364,189,17.18181818,208,18.90909091
56,2016,San Luis Potosí,Violencia familiar,149,2.568965517,277,4.775862069,208,3.586206897,340,5.862068966,125,2.155172414,351,6.051724138,252,4.344827586,437,7.534482759,455,7.844827586,495,8.534482759,445,7.672413793,396,6.827586207
57,2016,Sinaloa,Violencia familiar,169,9.388888889,226,12.55555556,231,12.83333333,216,12,250,13.88888889,197,10.94444444,160,8.888888889,192,10.66666667,200,11.11111111,231,12.83333333,169,9.388888889,130,7.222222222
58,2016,Sonora,Violencia familiar,143,1.932432432,187,2.527027027,252,3.405405405,432,5.837837838,434,5.864864865,576,7.783783784,529,7.148648649,173,2.337837838,189,2.554054054,264,3.567567568,249,3.364864865,167,2.256756757
59,2016,Tabasco,Violencia familiar,303,17.82352941,375,22.05882353,389,22.88235294,325,19.11764706,318,18.70588235,477,28.05882353,540,31.76470588,560,32.94117647,523,30.76470588,514,30.23529412,506,29.76470588,576,33.88235294
60,2016,Tamaulipas,Violencia familiar,281,6.534883721,400,9.302325581,492,11.44186047,503,11.69767442,661,15.37209302,574,13.34883721,551,12.81395349,533,12.39534884,627,14.58139535,590,13.72093023,537,12.48837209,629,14.62790698
61,2016,Tlaxcala,Violencia familiar,1,0.016666667,0,0,0,0,0,0,1,0.016666667,2,0.033333333,1,0.016666667,0,0,0,0,0,0,1,0.016666667,0,0
62,2016,Veracruz de Ignacio de la Llave,Violencia familiar,328,1.53271028,338,1.579439252,397,1.855140187,474,2.214953271,417,1.948598131,431,2.014018692,393,1.836448598,473,2.210280374,392,1.831775701,381,1.780373832,386,1.803738318,361,1.686915888
63,2016,Yucatán,Violencia familiar,160,1.509433962,185,1.745283019,184,1.735849057,181,1.70754717,186,1.754716981,201,1.896226415,237,2.235849057,222,2.094339623,200,1.886792453,180,1.698113208,173,1.632075472,161,1.518867925
64,2016,Zacatecas,Violencia familiar,78,1.344827586,64,1.103448276,82,1.413793103,63,1.086206897,97,1.672413793,105,1.810344828,83,1.431034483,81,1.396551724,141,2.431034483,119,2.051724138,67,1.155172414,95,1.637931034
65,2017,Aguascalientes,Violencia familiar,56,5.090909091,58,5.272727273,69,6.272727273,70,6.363636364,113,10.27272727,113,10.27272727,86,7.818181818,107,9.727272727,100,9.090909091,127,11.54545455,105,9.545454545,98,8.909090909
66,2017,Baja California,Violencia familiar,514,102.8,539,107.8,704,140.8,682,136.4,759,151.8,807,161.4,844,168.8,826,165.2,802,160.4,790,158,679,135.8,608,121.6
67,2017,Baja California Sur,Violencia familiar,175,35,157,31.4,155,31,168,33.6,184,36.8,200,40,177,35.4,171,34.2,168,33.6,178,35.6,140,28,109,21.8
68,2017,Campeche,Violencia familiar,3,0.272727273,6,0.545454545,3,0.272727273,7,0.636363636,7,0.636363636,8,0.727272727,5,0.454545455,6,0.545454545,7,0.636363636,4,0.363636364,5,0.454545455,4,0.363636364
69,2017,Chiapas,Violencia familiar,141,1.194915254,105,0.889830508,116,0.983050847,122,1.033898305,141,1.194915254,111,0.940677966,265,2.245762712,467,3.957627119,510,4.322033898,541,4.584745763,544,4.610169492,443,3.754237288
70,2017,Chihuahua,Violencia familiar,734,10.95522388,781,11.65671642,1000,14.92537313,930,13.88059701,1091,16.28358209,1177,17.56716418,1093,16.31343284,1020,15.2238806,935,13.95522388,1059,15.80597015,887,13.23880597,876,13.07462687
71,2017,Ciudad de México,Violencia familiar,1382,81.29411765,1340,78.82352941,1578,92.82352941,1495,87.94117647,1651,97.11764706,1704,100.2352941,1484,87.29411765,1694,99.64705882,1556,91.52941176,1608,94.58823529,1445,85,1423,83.70588235
72,2017,Coahuila de Zaragoza,Violencia familiar,490,12.89473684,537,14.13157895,743,19.55263158,703,18.5,760,20,1064,28,797,20.97368421,989,26.02631579,825,21.71052632,747,19.65789474,788,20.73684211,525,13.81578947
73,2017,Colima,Violencia familiar,191,19.1,163,16.3,164,16.4,159,15.9,193,19.3,173,17.3,181,18.1,229,22.9,215,21.5,206,20.6,228,22.8,197,19.7
74,2017,Durango,Violencia familiar,484,12.41025641,365,9.358974359,239,6.128205128,437,11.20512821,263,6.743589744,466,11.94871795,525,13.46153846,523,13.41025641,492,12.61538462,473,12.12820513,514,13.17948718,415,10.64102564
75,2017,Guanajuato,Violencia familiar,837,18.19565217,873,18.97826087,984,21.39130435,1022,22.2173913,1205,26.19565217,1042,22.65217391,876,19.04347826,1007,21.89130435,860,18.69565217,989,21.5,810,17.60869565,748,16.26086957
76,2017,Guerrero,Violencia familiar,164,2.024691358,209,2.580246914,292,3.604938272,217,2.679012346,242,2.987654321,208,2.567901235,222,2.740740741,212,2.617283951,229,2.827160494,273,3.37037037,222,2.740740741,206,2.543209877
77,2017,Hidalgo,Violencia familiar,303,3.607142857,375,4.464285714,332,3.952380952,338,4.023809524,444,5.285714286,396,4.714285714,251,2.988095238,453,5.392857143,415,4.94047619,413,4.916666667,401,4.773809524,296,3.523809524
78,2017,Jalisco,Violencia familiar,733,5.817460317,649,5.150793651,823,6.531746032,644,5.111111111,897,7.119047619,942,7.476190476,840,6.666666667,937,7.436507937,838,6.650793651,826,6.555555556,820,6.507936508,608,4.825396825
79,2017,México,Violencia familiar,370,2.96,477,3.816,545,4.36,556,4.448,618,4.944,651,5.208,588,4.704,681,5.448,600,4.8,647,5.176,626,5.008,501,4.008
80,2017,Michoacán de Ocampo,Violencia familiar,60,0.530973451,83,0.734513274,85,0.752212389,70,0.619469027,108,0.955752212,122,1.079646018,107,0.946902655,99,0.876106195,124,1.097345133,122,1.079646018,95,0.840707965,83,0.734513274
81,2017,Morelos,Violencia familiar,375,11.36363636,368,11.15151515,459,13.90909091,423,12.81818182,555,16.81818182,466,14.12121212,399,12.09090909,453,13.72727273,375,11.36363636,456,13.81818182,403,12.21212121,337,10.21212121
82,2017,Nayarit,Violencia familiar,63,3.15,54,2.7,53,2.65,35,1.75,55,2.75,30,1.5,17,0.85,32,1.6,29,1.45,11,0.55,28,1.4,25,1.25
83,2017,Nuevo León,Violencia familiar,1178,23.09803922,1260,24.70588235,1458,28.58823529,1356,26.58823529,1652,32.39215686,1852,36.31372549,1512,29.64705882,1696,33.25490196,1630,31.96078431,1290,25.29411765,1295,25.39215686,966,18.94117647
84,2017,Oaxaca,Violencia familiar,253,0.443082312,274,0.479859895,376,0.65849387,392,0.686514886,402,0.704028021,335,0.586690018,314,0.549912434,372,0.651488616,304,0.532399299,430,0.753064799,388,0.679509632,372,0.651488616
85,2017,Puebla,Violencia familiar,460,2.119815668,523,2.410138249,513,2.3640553,513,2.3640553,590,2.718894009,533,2.456221198,520,2.396313364,611,2.815668203,510,2.350230415,589,2.714285714,530,2.442396313,435,2.004608295
86,2017,Querétaro,Violencia familiar,85,4.473684211,63,3.315789474,96,5.052631579,83,4.368421053,123,6.473684211,92,4.842105263,106,5.578947368,126,6.631578947,86,4.526315789,111,5.842105263,103,5.421052632,112,5.894736842
87,2017,Quintana Roo,Violencia familiar,124,11.27272727,140,12.72727273,242,22,184,16.72727273,194,17.63636364,229,20.81818182,211,19.18181818,218,19.81818182,250,22.72727273,310,28.18181818,248,22.54545455,283,25.72727273
88,2017,San Luis Potosí,Violencia familiar,497,8.568965517,496,8.551724138,515,8.879310345,461,7.948275862,550,9.482758621,480,8.275862069,407,7.017241379,489,8.431034483,491,8.465517241,513,8.844827586,448,7.724137931,376,6.482758621
89,2017,Sinaloa,Violencia familiar,157,8.722222222,148,8.222222222,185,10.27777778,180,10,274,15.22222222,300,16.66666667,225,12.5,230,12.77777778,214,11.88888889,298,16.55555556,236,13.11111111,165,9.166666667
90,2017,Sonora,Violencia familiar,251,3.391891892,240,3.243243243,310,4.189189189,184,2.486486486,236,3.189189189,199,2.689189189,167,2.256756757,211,2.851351351,172,2.324324324,210,2.837837838,122,1.648648649,126,1.702702703
91,2017,Tabasco,Violencia familiar,490,28.82352941,519,30.52941176,597,35.11764706,599,35.23529412,681,40.05882353,582,34.23529412,598,35.17647059,550,32.35294118,563,33.11764706,555,32.64705882,445,26.17647059,417,24.52941176
92,2017,Tamaulipas,Violencia familiar,532,12.37209302,571,13.27906977,679,15.79069767,621,14.44186047,753,17.51162791,711,16.53488372,598,13.90697674,646,15.02325581,558,12.97674419,500,11.62790698,455,10.58139535,406,9.441860465
93,2017,Tlaxcala,Violencia familiar,0,0,1,0.016666667,1,0.016666667,0,0,0,0,0,0,0,0,2,0.033333333,3,0.05,0,0,8,0.133333333,9,0.15
94,2017,Veracruz de Ignacio de la Llave,Violencia familiar,506,2.364485981,501,2.341121495,593,2.771028037,577,2.696261682,613,2.864485981,626,2.925233645,539,2.518691589,573,2.677570093,545,2.546728972,568,2.654205607,412,1.925233645,273,1.275700935
95,2017,Yucatán,Violencia familiar,187,1.764150943,209,1.971698113,247,2.330188679,260,2.452830189,270,2.547169811,246,2.320754717,233,2.198113208,211,1.990566038,220,2.075471698,226,2.132075472,197,1.858490566,164,1.547169811
96,2017,Zacatecas,Violencia familiar,90,1.551724138,133,2.293103448,120,2.068965517,103,1.775862069,146,2.517241379,167,2.879310345,135,2.327586207,156,2.689655172,141,2.431034483,155,2.672413793,134,2.310344828,130,2.24137931
97,2018,Aguascalientes,Violencia familiar,86,7.818181818,96,8.727272727,118,10.72727273,134,12.18181818,170,15.45454545,108,9.818181818,148,13.45454545,167,15.18181818,133,12.09090909,158,14.36363636,152,13.81818182,140,12.72727273
98,2018,Baja California,Violencia familiar,679,135.8,642,128.4,729,145.8,824,164.8,954,190.8,964,192.8,999,199.8,984,196.8,863,172.6,891,178.2,729,145.8,646,129.2
99,2018,Baja California Sur,Violencia familiar,148,29.6,147,29.4,198,39.6,160,32,187,37.4,191,38.2,194,38.8,167,33.4,154,30.8,240,48,167,33.4,157,31.4
100,2018,Campeche,Violencia familiar,4,0.363636364,6,0.545454545,4,0.363636364,3,0.272727273,4,0.363636364,12,1.090909091,2,0.181818182,4,0.363636364,4,0.363636364,5,0.454545455,1,0.090909091,3,0.272727273
101,2018,Chiapas,Violencia familiar,545,4.430894309,541,4.398373984,719,5.845528455,544,4.422764228,505,4.105691057,499,4.056910569,487,3.959349593,453,3.682926829,462,3.756097561,416,3.382113821,432,3.512195122,429,3.487804878
102,2018,Chihuahua,Violencia familiar,827,12.34328358,788,11.76119403,1004,14.98507463,1045,15.59701493,1155,17.23880597,1062,15.85074627,1048,15.64179104,995,14.85074627,998,14.89552239,871,13,720,10.74626866,714,10.65671642
103,2018,Ciudad de México,Violencia familiar,1449,85.23529412,1532,90.11764706,1769,104.0588235,1877,110.4117647,1892,111.2941176,1655,97.35294118,1744,102.5882353,1581,93,1673,98.41176471,1676,98.58823529,1570,92.35294118,1513,89
104,2018,Coahuila de Zaragoza,Violencia familiar,519,13.65789474,712,18.73684211,959,25.23684211,818,21.52631579,1159,30.5,1111,29.23684211,693,18.23684211,1007,26.5,728,19.15789474,662,17.42105263,771,20.28947368,652,17.15789474
105,2018,Colima,Violencia familiar,209,20.9,200,20,240,24,224,22.4,204,20.4,182,18.2,238,23.8,197,19.7,221,22.1,196,19.6,169,16.9,173,17.3
106,2018,Durango,Violencia familiar,463,11.87179487,417,10.69230769,539,13.82051282,533,13.66666667,546,14,595,15.25641026,489,12.53846154,481,12.33333333,405,10.38461538,429,11,365,9.358974359,333,8.538461538
107,2018,Guanajuato,Violencia familiar,772,16.7826087,733,15.93478261,940,20.43478261,993,21.58695652,1053,22.89130435,804,17.47826087,938,20.39130435,852,18.52173913,855,18.58695652,933,20.2826087,762,16.56521739,721,15.67391304
108,2018,Guerrero,Violencia familiar,206,2.543209877,254,3.135802469,301,3.716049383,238,2.938271605,217,2.679012346,194,2.395061728,252,3.111111111,240,2.962962963,215,2.654320988,254,3.135802469,214,2.641975309,249,3.074074074
109,2018,Hidalgo,Violencia familiar,351,4.178571429,410,4.880952381,437,5.202380952,413,4.916666667,487,5.797619048,491,5.845238095,324,3.857142857,542,6.452380952,444,5.285714286,467,5.55952381,428,5.095238095,289,3.44047619
110,2018,Jalisco,Violencia familiar,778,6.174603175,709,5.626984127,845,6.706349206,883,7.007936508,904,7.174603175,849,6.738095238,826,6.555555556,689,5.468253968,647,5.134920635,683,5.420634921,529,4.198412698,508,4.031746032
111,2018,México,Violencia familiar,468,3.744,547,4.376,644,5.152,589,4.712,568,4.544,557,4.456,489,3.912,445,3.56,510,4.08,704,5.632,488,3.904,487,3.896
112,2018,Michoacán de Ocampo,Violencia familiar,109,0.96460177,82,0.725663717,129,1.14159292,135,1.194690265,142,1.256637168,137,1.212389381,122,1.079646018,90,0.796460177,92,0.814159292,102,0.902654867,69,0.610619469,64,0.566371681
113,2018,Morelos,Violencia familiar,396,12,423,12.81818182,477,14.45454545,466,14.12121212,537,16.27272727,392,11.87878788,454,13.75757576,371,11.24242424,401,12.15151515,419,12.6969697,325,9.848484848,292,8.848484848
114,2018,Nayarit,Violencia familiar,23,1.15,35,1.75,37,1.85,42,2.1,37,1.85,21,1.05,23,1.15,29,1.45,46,2.3,35,1.75,23,1.15,53,2.65
115,2018,Nuevo León,Violencia familiar,997,19.54901961,1099,21.54901961,1372,26.90196078,1347,26.41176471,1574,30.8627451,1595,31.2745098,1788,35.05882353,1558,30.54901961,1563,30.64705882,1355,26.56862745,1130,22.15686275,1032,20.23529412
116,2018,Oaxaca,Violencia familiar,424,0.742556918,428,0.749562172,586,1.026269702,537,0.940455342,563,0.985989492,431,0.754816112,481,0.842381786,434,0.760070053,410,0.718038529,471,0.824868651,472,0.826619965,445,0.779334501
117,2018,Puebla,Violencia familiar,482,2.221198157,506,2.331797235,616,2.838709677,617,2.843317972,691,3.184331797,680,3.133640553,713,3.285714286,623,2.870967742,594,2.737327189,653,3.00921659,593,2.732718894,528,2.433179724
118,2018,Querétaro,Violencia familiar,113,5.947368421,97,5.105263158,136,7.157894737,178,9.368421053,179,9.421052632,154,8.105263158,177,9.315789474,175,9.210526316,182,9.578947368,188,9.894736842,142,7.473684211,144,7.578947368
119,2018,Quintana Roo,Violencia familiar,247,22.45454545,299,27.18181818,278,25.27272727,315,28.63636364,344,31.27272727,373,33.90909091,490,44.54545455,402,36.54545455,279,25.36363636,315,28.63636364,330,30,353,32.09090909
120,2018,San Luis Potosí,Violencia familiar,436,7.517241379,430,7.413793103,434,7.482758621,503,8.672413793,588,10.13793103,561,9.672413793,581,10.01724138,533,9.189655172,562,9.689655172,535,9.224137931,443,7.637931034,442,7.620689655
121,2018,Sinaloa,Violencia familiar,232,12.88888889,300,16.66666667,316,17.55555556,371,20.61111111,364,20.22222222,328,18.22222222,276,15.33333333,303,16.83333333,317,17.61111111,405,22.5,320,17.77777778,268,14.88888889
122,2018,Sonora,Violencia familiar,132,1.783783784,166,2.243243243,180,2.432432432,214,2.891891892,216,2.918918919,203,2.743243243,188,2.540540541,185,2.5,179,2.418918919,206,2.783783784,178,2.405405405,148,2
123,2018,Tabasco,Violencia familiar,412,24.23529412,490,28.82352941,565,33.23529412,590,34.70588235,632,37.17647059,614,36.11764706,583,34.29411765,506,29.76470588,578,34,599,35.23529412,424,24.94117647,455,26.76470588
124,2018,Tamaulipas,Violencia familiar,398,9.255813953,473,11,549,12.76744186,594,13.81395349,713,16.58139535,647,15.04651163,695,16.1627907,689,16.02325581,674,15.6744186,623,14.48837209,492,11.44186047,482,11.20930233
125,2018,Tlaxcala,Violencia familiar,15,0.25,13,0.216666667,18,0.3,20,0.333333333,17,0.283333333,17,0.283333333,12,0.2,12,0.2,6,0.1,0,0,0,0,0,0
126,2018,Veracruz de Ignacio de la Llave,Violencia familiar,505,2.359813084,562,2.626168224,611,2.855140187,676,3.158878505,678,3.168224299,648,3.028037383,515,2.406542056,537,2.509345794,608,2.841121495,474,2.214953271,248,1.158878505,157,0.73364486
127,2018,Yucatán,Violencia familiar,168,1.58490566,166,1.566037736,185,1.745283019,199,1.877358491,196,1.849056604,146,1.377358491,33,0.311320755,184,1.735849057,191,1.801886792,169,1.594339623,169,1.594339623,129,1.216981132
128,2018,Zacatecas,Violencia familiar,128,2.206896552,149,2.568965517,177,3.051724138,196,3.379310345,187,3.224137931,188,3.24137931,186,3.206896552,195,3.362068966,195,3.362068966,220,3.793103448,162,2.793103448,168,2.896551724
129,2019,Aguascalientes,Violencia familiar,127,11.54545455,153,13.90909091,209,19,199,18.09090909,189,17.18181818,188,17.09090909,195,17.72727273,195,17.72727273,173,15.72727273,206,18.72727273,170,15.45454545,148,13.45454545
130,2019,Baja California,Violencia familiar,654,130.8,570,114,769,153.8,859,171.8,877,175.4,971,194.2,1054,210.8,1042,208.4,1056,211.2,995,199,836,167.2,772,154.4
131,2019,Baja California Sur,Violencia familiar,158,31.6,165,33,201,40.2,236,47.2,215,43,266,53.2,256,51.2,234,46.8,251,50.2,225,45,185,37,220,44
132,2019,Campeche,Violencia familiar,4,0.363636364,9,0.818181818,4,0.363636364,6,0.545454545,11,1,7,0.636363636,4,0.363636364,2,0.181818182,3,0.272727273,5,0.454545455,3,0.272727273,4,0.363636364
133,2019,Chiapas,Violencia familiar,466,3.788617886,443,3.601626016,453,3.682926829,442,3.593495935,469,3.81300813,439,3.569105691,445,3.617886179,377,3.06504065,358,2.910569106,400,3.25203252,433,3.520325203,383,3.113821138
134,2019,Chihuahua,Violencia familiar,762,11.37313433,689,10.28358209,800,11.94029851,937,13.98507463,1045,15.59701493,1072,16,1205,17.98507463,1042,15.55223881,1019,15.20895522,868,12.95522388,715,10.67164179,814,12.14925373
135,2019,Ciudad de México,Violencia familiar,1609,94.64705882,1754,103.1764706,2205,129.7058824,2171,127.7058824,2477,145.7058824,2156,126.8235294,2205,129.7058824,2402,141.2941176,2315,136.1764706,2193,129,2114,124.3529412,2174,127.8823529
136,2019,Coahuila de Zaragoza,Violencia familiar,646,17,1025,26.97368421,848,22.31578947,801,21.07894737,1128,29.68421053,918,24.15789474,884,23.26315789,1213,31.92105263,921,24.23684211,971,25.55263158,657,17.28947368,635,16.71052632
137,2019,Colima,Violencia familiar,198,19.8,236,23.6,292,29.2,252,25.2,271,27.1,315,31.5,258,25.8,314,31.4,261,26.1,300,30,253,25.3,276,27.6
138,2019,Durango,Violencia familiar,377,9.666666667,432,11.07692308,463,11.87179487,541,13.87179487,589,15.1025641,633,16.23076923,644,16.51282051,628,16.1025641,577,14.79487179,542,13.8974359,455,11.66666667,439,11.25641026
139,2019,Guanajuato,Violencia familiar,823,17.89130435,813,17.67391304,967,21.02173913,1030,22.39130435,1168,25.39130435,1029,22.36956522,943,20.5,932,20.26086957,875,19.02173913,928,20.17391304,829,18.02173913,805,17.5
140,2019,Guerrero,Violencia familiar,205,2.530864198,216,2.666666667,283,3.49382716,240,2.962962963,258,3.185185185,260,3.209876543,295,3.641975309,276,3.407407407,275,3.395061728,258,3.185185185,250,3.086419753,211,2.604938272
141,2019,Hidalgo,Violencia familiar,552,6.571428571,540,6.428571429,463,5.511904762,483,5.75,609,7.25,580,6.904761905,334,3.976190476,456,5.428571429,456,5.428571429,416,4.952380952,381,4.535714286,349,4.154761905
142,2019,Jalisco,Violencia familiar,686,5.444444444,685,5.436507937,841,6.674603175,937,7.436507937,1169,9.277777778,1026,8.142857143,1062,8.428571429,1134,9,951,7.547619048,1001,7.944444444,782,6.206349206,779,6.182539683
143,2019,México,Violencia familiar,480,3.84,541,4.328,634,5.072,638,5.104,768,6.144,889,7.112,785,6.28,861,6.888,921,7.368,956,7.648,893,7.144,883,7.064
144,2019,Michoacán de Ocampo,Violencia familiar,73,0.646017699,63,0.557522124,86,0.761061947,67,0.592920354,81,0.716814159,81,0.716814159,76,0.672566372,78,0.690265487,81,0.716814159,69,0.610619469,75,0.663716814,81,0.716814159
145,2019,Morelos,Violencia familiar,414,12.54545455,323,9.787878788,501,15.18181818,466,14.12121212,511,15.48484848,406,12.3030303,435,13.18181818,378,11.45454545,370,11.21212121,486,14.72727273,437,13.24242424,405,12.27272727
146,2019,Nayarit,Violencia familiar,34,1.7,58,2.9,59,2.95,62,3.1,90,4.5,63,3.15,67,3.35,56,2.8,59,2.95,86,4.3,73,3.65,61,3.05
147,2019,Nuevo León,Violencia familiar,961,18.84313725,1162,22.78431373,1216,23.84313725,1250,24.50980392,1563,30.64705882,1472,28.8627451,1434,28.11764706,1506,29.52941176,1485,29.11764706,1717,33.66666667,1225,24.01960784,1348,26.43137255
148,2019,Oaxaca,Violencia familiar,485,0.84938704,463,0.810858144,552,0.966725044,562,0.984238179,638,1.117338004,525,0.91943958,573,1.003502627,604,1.057793345,522,0.914185639,511,0.894921191,472,0.826619965,532,0.931698774
149,2019,Puebla,Violencia familiar,542,2.497695853,637,2.935483871,772,3.557603687,844,3.889400922,915,4.216589862,792,3.649769585,846,3.898617512,827,3.811059908,714,3.290322581,787,3.626728111,673,3.101382488,728,3.35483871
150,2019,Querétaro,Violencia familiar,150,7.894736842,159,8.368421053,221,11.63157895,236,12.42105263,245,12.89473684,216,11.36842105,385,20.26315789,354,18.63157895,286,15.05263158,338,17.78947368,283,14.89473684,262,13.78947368
151,2019,Quintana Roo,Violencia familiar,469,42.63636364,431,39.18181818,504,45.81818182,518,47.09090909,515,46.81818182,533,48.45454545,574,52.18181818,423,38.45454545,407,37,477,43.36363636,341,31,316,28.72727273
152,2019,San Luis Potosí,Violencia familiar,536,9.24137931,551,9.5,613,10.56896552,705,12.15517241,866,14.93103448,698,12.03448276,816,14.06896552,747,12.87931034,737,12.70689655,726,12.51724138,612,10.55172414,626,10.79310345
153,2019,Sinaloa,Violencia familiar,343,19.05555556,343,19.05555556,378,21,392,21.77777778,416,23.11111111,379,21.05555556,389,21.61111111,355,19.72222222,366,20.33333333,466,25.88888889,341,18.94444444,292,16.22222222
154,2019,Sonora,Violencia familiar,140,1.891891892,189,2.554054054,267,3.608108108,292,3.945945946,339,4.581081081,304,4.108108108,361,4.878378378,329,4.445945946,305,4.121621622,333,4.5,400,5.405405405,328,4.432432432
155,2019,Tabasco,Violencia familiar,518,30.47058824,582,34.23529412,571,33.58823529,590,34.70588235,764,44.94117647,665,39.11764706,735,43.23529412,669,39.35294118,615,36.17647059,640,37.64705882,337,19.82352941,529,31.11764706
156,2019,Tamaulipas,Violencia familiar,463,10.76744186,566,13.1627907,612,14.23255814,648,15.06976744,812,18.88372093,652,15.1627907,706,16.41860465,711,16.53488372,656,15.25581395,648,15.06976744,512,11.90697674,523,12.1627907
157,2019,Tlaxcala,Violencia familiar,0,0,2,0.033333333,0,0,1,0.016666667,4,0.066666667,4,0.066666667,2,0.033333333,0,0,1,0.016666667,1,0.016666667,1,0.016666667,1,0.016666667
158,2019,Veracruz de Ignacio de la Llave,Violencia familiar,810,3.785046729,813,3.799065421,820,3.831775701,890,4.158878505,979,4.574766355,933,4.359813084,913,4.26635514,876,4.093457944,934,4.364485981,905,4.228971963,715,3.341121495,736,3.439252336
159,2019,Yucatán,Violencia familiar,124,1.169811321,134,1.264150943,146,1.377358491,121,1.141509434,123,1.160377358,92,0.867924528,106,1,95,0.896226415,106,1,97,0.91509434,76,0.716981132,75,0.70754717
160,2019,Zacatecas,Violencia familiar,153,2.637931034,186,3.206896552,244,4.206896552,215,3.706896552,269,4.637931034,252,4.344827586,248,4.275862069,257,4.431034483,231,3.982758621,245,4.224137931,260,4.482758621,234,4.034482759
161,2020,Aguascalientes,Violencia familiar,165,15,172,15.63636364,223,20.27272727,144,13.09090909,150,13.63636364,218,19.81818182,199,18.09090909,207,18.81818182,163,14.81818182,199,18.09090909,164,14.90909091,149,13.54545455
162,2020,Baja California,Violencia familiar,747,149.4,892,178.4,998,199.6,598,119.6,724,144.8,785,157,1064,212.8,1100,220,1109,221.8,1097,219.4,873,174.6,794,158.8
163,2020,Baja California Sur,Violencia familiar,174,34.8,191,38.2,247,49.4,163,32.6,152,30.4,254,50.8,224,44.8,192,38.4,278,55.6,248,49.6,209,41.8,158,31.6
164,2020,Campeche,Violencia familiar,6,0.545454545,2,0.181818182,7,0.636363636,4,0.363636364,1,0.090909091,0,0,1,0.090909091,2,0.181818182,8,0.727272727,7,0.636363636,4,0.363636364,3,0.272727273
165,2020,Chiapas,Violencia familiar,395,3.211382114,433,3.520325203,591,4.804878049,387,3.146341463,327,2.658536585,235,1.910569106,377,3.06504065,387,3.146341463,376,3.056910569,333,2.707317073,349,2.837398374,284,2.308943089
166,2020,Chihuahua,Violencia familiar,723,10.79104478,830,12.3880597,894,13.34328358,864,12.89552239,913,13.62686567,1255,18.73134328,1254,18.71641791,1163,17.35820896,1028,15.34328358,877,13.08955224,724,10.80597015,768,11.46268657
167,2020,Ciudad de México,Violencia familiar,2070,121.7647059,2485,146.1764706,2792,164.2352941,1786,105.0588235,1550,91.17647059,1980,116.4705882,2301,135.3529412,2564,150.8235294,2440,143.5294118,2777,163.3529412,2533,149,2489,146.4117647
168,2020,Coahuila de Zaragoza,Violencia familiar,748,19.68421053,794,20.89473684,833,21.92105263,504,13.26315789,662,17.42105263,922,24.26315789,876,23.05263158,810,21.31578947,740,19.47368421,960,25.26315789,750,19.73684211,692,18.21052632
169,2020,Colima,Violencia familiar,313,31.3,327,32.7,352,35.2,301,30.1,361,36.1,441,44.1,387,38.7,377,37.7,386,38.6,418,41.8,356,35.6,319,31.9
170,2020,Durango,Violencia familiar,428,10.97435897,472,12.1025641,596,15.28205128,374,9.58974359,432,11.07692308,449,11.51282051,481,12.33333333,487,12.48717949,468,12,440,11.28205128,251,6.435897436,341,8.743589744
171,2020,Guanajuato,Violencia familiar,775,16.84782609,865,18.80434783,997,21.67391304,730,15.86956522,751,16.32608696,835,18.15217391,819,17.80434783,801,17.41304348,851,18.5,997,21.67391304,838,18.2173913,776,16.86956522
172,2020,Guerrero,Violencia familiar,269,3.320987654,283,3.49382716,317,3.913580247,179,2.209876543,147,1.814814815,196,2.419753086,257,3.172839506,277,3.419753086,266,3.283950617,289,3.567901235,273,3.37037037,243,3
173,2020,Hidalgo,Violencia familiar,406,4.833333333,435,5.178571429,631,7.511904762,576,6.857142857,408,4.857142857,522,6.214285714,511,6.083333333,451,5.369047619,508,6.047619048,479,5.702380952,423,5.035714286,374,4.452380952
174,2020,Jalisco,Violencia familiar,777,6.166666667,943,7.484126984,1094,8.682539683,965,7.658730159,1116,8.857142857,1198,9.507936508,1106,8.777777778,999,7.928571429,941,7.468253968,1026,8.142857143,858,6.80952381,867,6.880952381
175,2020,México,Violencia familiar,884,7.072,995,7.96,998,7.984,1449,11.592,1392,11.136,1616,12.928,1594,12.752,1592,12.736,1716,13.728,1639,13.112,1524,12.192,1516,12.128
176,2020,Michoacán de Ocampo,Violencia familiar,78,0.690265487,73,0.646017699,121,1.07079646,113,1,100,0.884955752,118,1.044247788,108,0.955752212,95,0.840707965,105,0.92920354,111,0.982300885,89,0.787610619,74,0.654867257
177,2020,Morelos,Violencia familiar,424,12.84848485,459,13.90909091,520,15.75757576,320,9.696969697,315,9.545454545,381,11.54545455,433,13.12121212,467,14.15151515,402,12.18181818,420,12.72727273,395,11.96969697,402,12.18181818
178,2020,Nayarit,Violencia familiar,60,3,97,4.85,82,4.1,49,2.45,48,2.4,68,3.4,64,3.2,74,3.7,81,4.05,93,4.65,79,3.95,69,3.45
179,2020,Nuevo León,Violencia familiar,1312,25.7254902,1258,24.66666667,1670,32.74509804,1195,23.43137255,1356,26.58823529,1569,30.76470588,1529,29.98039216,1709,33.50980392,1838,36.03921569,1734,34,1486,29.1372549,1284,25.17647059
180,2020,Oaxaca,Violencia familiar,499,0.873905429,574,1.00525394,650,1.138353765,445,0.779334501,463,0.810858144,421,0.737302977,527,0.922942207,562,0.984238179,595,1.042031524,606,1.061295972,567,0.992994746,565,0.989492119
181,2020,Puebla,Violencia familiar,738,3.400921659,795,3.66359447,981,4.520737327,766,3.529953917,698,3.216589862,758,3.493087558,780,3.594470046,738,3.400921659,687,3.165898618,753,3.470046083,703,3.239631336,728,3.35483871
182,2020,Querétaro,Violencia familiar,260,13.68421053,298,15.68421053,376,19.78947368,297,15.63157895,308,16.21052632,261,13.73684211,342,18,295,15.52631579,274,14.42105263,313,16.47368421,281,14.78947368,247,13
183,2020,Quintana Roo,Violencia familiar,363,33,370,33.63636364,518,47.09090909,257,23.36363636,297,27,402,36.54545455,409,37.18181818,415,37.72727273,509,46.27272727,353,32.09090909,440,40,480,43.63636364
184,2020,San Luis Potosí,Violencia familiar,604,10.4137931,639,11.01724138,703,12.12068966,586,10.10344828,606,10.44827586,713,12.29310345,756,13.03448276,576,9.931034483,680,11.72413793,698,12.03448276,641,11.05172414,579,9.982758621
185,2020,Sinaloa,Violencia familiar,341,18.94444444,362,20.11111111,371,20.61111111,263,14.61111111,409,22.72222222,466,25.88888889,445,24.72222222,512,28.44444444,494,27.44444444,512,28.44444444,466,25.88888889,497,27.61111111
186,2020,Sonora,Violencia familiar,314,4.243243243,371,5.013513514,381,5.148648649,174,2.351351351,589,7.959459459,460,6.216216216,376,5.081081081,492,6.648648649,542,7.324324324,589,7.959459459,645,8.716216216,517,6.986486486
187,2020,Tabasco,Violencia familiar,558,32.82352941,607,35.70588235,587,34.52941176,258,15.17647059,270,15.88235294,492,28.94117647,625,36.76470588,681,40.05882353,660,38.82352941,668,39.29411765,487,28.64705882,552,32.47058824
188,2020,Tamaulipas,Violencia familiar,503,11.69767442,539,12.53488372,657,15.27906977,412,9.581395349,464,10.79069767,605,14.06976744,501,11.65116279,592,13.76744186,604,14.04651163,589,13.69767442,511,11.88372093,490,11.39534884
189,2020,Tlaxcala,Violencia familiar,0,0,5,0.083333333,0,0,0,0,2,0.033333333,0,0,0,0,1,0.016666667,1,0.016666667,2,0.033333333,6,0.1,1,0.016666667
190,2020,Veracruz de Ignacio de la Llave,Violencia familiar,613,2.864485981,925,4.322429907,942,4.401869159,806,3.76635514,759,3.546728972,853,3.985981308,924,4.317757009,859,4.014018692,1002,4.682242991,1023,4.780373832,866,4.046728972,814,3.803738318
191,2020,Yucatán,Violencia familiar,58,0.547169811,73,0.688679245,87,0.820754717,26,0.245283019,30,0.283018868,46,0.433962264,42,0.396226415,45,0.424528302,71,0.669811321,73,0.688679245,105,0.990566038,70,0.660377358
192,2020,Zacatecas,Violencia familiar,246,4.24137931,237,4.086206897,288,4.965517241,245,4.224137931,262,4.517241379,363,6.25862069,291,5.017241379,323,5.568965517,266,4.586206897,266,4.586206897,285,4.913793103,243,4.189655172
